LocationIDO,LocationIDD,Distance_km,Travel_Time_min
179,117,22.936383471584254,27.98417854309082
179,137,5.337782812741121,16.59856605529785
179,214,24.446638569253405,29.48011589050293
179,46,15.052408667696822,18.40932846069336
179,254,13.60417234381782,17.68109130859375
179,144,8.076441379375387,18.686246871948242
179,113,7.056023473027227,18.03792953491211
179,97,9.794883704082443,19.674848556518555
179,86,23.808813443115444,28.48389434814453
179,82,5.602783301841497,16.000572204589844
179,73,10.402378525426723,18.165254592895508
179,235,9.049886048796038,16.8535099029541
179,213,7.843573104039336,16.492355346679688
179,218,17.15208972575233,22.888059616088867
179,31,10.557997265670206,17.017759323120117
179,10,15.50558271711991,21.8183650970459
179,116,6.388255843922965,16.224740982055664
179,118,26.859791233048735,31.111024856567383
179,25,10.71905734064639,20.1995849609375
179,47,8.250394871443856,16.603113174438477
179,211,8.140070303167343,18.7084903717041
179,257,13.754520638617432,22.01760482788086
179,198,7.5649809995808575,18.035593032836914
179,208,10.546818733533192,17.22504234313965
179,160,7.181550824819756,17.54016876220703
179,114,7.553067670774314,18.359081268310547
179,7,1.3358302034433474,6.399105072021484
179,220,12.397964550523826,17.540578842163086
179,175,15.015690300402445,20.207944869995117
179,139,18.76097482129958,23.794382095336914
179,219,18.41642963359993,23.868053436279297
179,67,18.355122201916267,25.183744430541992
179,20,10.222051600984043,16.972667694091797
179,124,14.423640524137472,21.756486892700195
117,179,22.936383471584254,28.794950485229492
117,137,22.66964498769173,29.091365814208984
117,214,25.061251206867954,31.471126556396484
117,46,28.327740070344753,31.883697509765625
117,254,32.52447371177851,35.942893981933594
117,144,22.487665441398264,29.12337303161621
117,113,23.15586540417781,29.691926956176758
117,97,18.998710816389668,25.807353973388672
117,86,3.054893907297547,8.059393882751465
117,82,17.764361939017935,23.530797958374023
117,73,17.835879189742137,22.664379119873047
117,235,30.622782982685745,35.08420944213867
117,213,25.518091329042456,30.27988624572754
117,218,8.77797125935215,15.320003509521484
117,31,30.167104601817652,34.36764907836914
117,10,9.427982877588917,16.12689781188965
117,116,29.14628128785601,34.2636604309082
117,118,29.07843374771829,34.692317962646484
117,25,19.48553251898795,26.345746994018555
117,47,29.157425329244578,33.82456970214844
117,211,23.000477583541706,29.617511749267578
117,257,17.2550684016055,24.27627944946289
117,198,15.679748905172943,22.168916702270508
117,208,25.619745070990163,29.94923973083496
117,160,15.778062779181639,21.980037689208984
117,114,23.043972177383928,29.62030029296875
117,7,21.601700775275145,27.477128982543945
117,220,33.61297773994363,37.098838806152344
117,175,16.766398947456306,21.227632522583008
117,139,9.98869323216787,16.222932815551758
117,219,7.857964773470055,14.28572940826416
117,67,19.184144841533467,26.169605255126953
117,20,30.393660488733442,34.638912200927734
117,124,8.526275284988415,15.595584869384766
137,179,5.337782812741121,16.258394241333008
137,117,22.66964498769173,28.875085830688477
137,214,19.39380532811706,26.80998420715332
137,46,20.372559241820458,24.58186149597168
137,254,18.602281465329177,23.14946937561035
137,144,2.773099570064935,12.969240188598633
137,113,1.739271776132393,9.720392227172852
137,97,5.515479812384526,17.27263069152832
137,86,24.183035593262936,29.91119384765625
137,82,8.3944774558822,18.695354461669922
137,73,14.370357480516567,21.394886016845703
137,235,13.453874374249065,20.095491409301758
137,213,13.181170409052774,20.01849365234375
137,218,18.794595871268044,25.419157028198242
137,31,15.568515612867142,21.130495071411133
137,10,17.098497637577875,24.17398452758789
137,116,9.899691256233659,18.827112197875977
137,118,21.612847787097518,28.281522750854492
137,25,6.140068122788686,18.003938674926758
137,47,13.054595408073265,19.87575340270996
137,211,2.8023864360261848,13.081357955932617
137,257,9.64280132034423,20.552452087402344
137,198,7.355477267618905,18.43304443359375
137,208,15.855847799960557,21.458383560180664
137,160,8.509045393549785,18.98819923400879
137,114,2.2175746446245665,11.493342399597168
137,7,5.336287790541101,16.253263473510742
137,220,16.7149985888685,21.99294662475586
137,175,18.741686051910317,24.463359832763672
137,139,20.84936649060027,26.848875045776367
137,219,19.912267479102127,26.32712173461914
137,67,13.782454002175877,23.158689498901367
137,20,15.109312398343947,20.880992889404297
137,124,14.386337527708806,22.79175567626953
214,179,24.446638569253405,34.34021759033203
214,117,25.061251206867954,33.69878387451172
214,137,19.39380532811706,30.390172958374023
214,46,38.80894763824079,42.872806549072266
214,254,37.975605444305764,42.63818359375
214,144,16.670422107018258,28.134790420532227
214,113,17.93330573048365,29.2159481048584
214,97,14.864689987398368,26.400720596313477
214,86,28.010688044547436,35.87785720825195
214,82,24.456369333559238,34.111228942871094
214,73,29.97710339373775,37.890830993652344
214,235,32.802281970102314,40.03877639770508
214,213,32.05781719349149,39.43434143066406
214,218,28.082790952547285,36.2798957824707
214,31,34.932636749043056,41.13788986206055
214,10,26.937086555324537,35.526611328125
214,116,29.080286544624954,37.78752899169922
214,118,4.018517511693644,11.23854923248291
214,25,13.827282775257263,25.497617721557617
214,47,32.4470569368488,39.7900505065918
214,211,16.799697162920786,28.267425537109375
214,257,11.741159535019232,23.121110916137695
214,198,20.45729896617466,30.909645080566406
214,208,34.352016730976665,40.683998107910156
214,160,22.701530123628253,32.689613342285156
214,114,17.396636159725585,28.766464233398438
214,7,23.936066574347684,33.89998245239258
214,220,35.99736007285347,41.76943588256836
214,175,32.90205315486017,39.57924270629883
214,139,30.56472919136461,37.92426300048828
214,219,28.42185890243686,36.462093353271484
214,67,7.080339225893146,16.174020767211914
214,20,34.498133367363764,40.92620086669922
214,124,21.84943933791532,31.662052154541016
46,179,15.052408667696822,17.949617385864258
46,117,28.327740070344753,28.96999168395996
46,137,20.372559241820458,22.043724060058594
46,214,38.80894763824079,36.69777297973633
46,254,7.455572998040266,14.003898620605469
46,144,23.060785716930354,24.578025817871094
46,113,22.102264765212134,23.630220413208008
46,97,23.96332675334798,25.541654586791992
46,86,27.48351563990681,28.040760040283203
46,82,14.57974417468248,18.001558303833008
46,73,10.761242398977586,16.301143646240234
46,235,11.30494767602574,15.4806489944458
46,213,7.299197426141543,14.784385681152344
46,218,19.669833134013473,21.125940322875977
46,31,7.9415525858979255,14.557366371154785
46,10,18.90839174784514,20.658658981323242
46,116,14.25794815536427,16.786439895629883
46,118,41.586410842418694,38.1777229309082
46,25,25.029885094590153,26.51018714904785
46,47,10.00354150951238,15.317501068115234
46,211,23.167018447099636,24.653230667114258
46,257,27.2977706985417,28.537076950073242
46,198,18.782118887798884,20.95317840576172
46,208,4.524496394624263,12.030097961425781
46,160,16.71342408450448,19.366262435913086
46,114,22.58988451158151,24.10055923461914
46,7,15.154039828884622,18.11775779724121
46,220,11.461840151357544,15.06371784210205
46,175,12.0408128515862,16.467212677001953
46,139,19.363355752502617,20.58720588684082
46,219,20.807642777276186,22.0163516998291
46,67,32.13685404048409,32.38112258911133
46,20,8.812367764674159,14.816367149353027
46,124,21.84858157791422,23.479368209838867
254,179,13.60417234381782,17.72840118408203
254,117,32.52447371177851,32.565006256103516
254,137,18.602281465329177,21.313901901245117
254,214,37.975605444305764,36.02738571166992
254,46,7.455572998040266,14.210755348205566
254,144,21.360798356065022,23.734621047973633
254,113,20.15839569642787,22.65170669555664
254,97,23.39632367457926,25.568967819213867
254,86,32.274392311539664,32.27518844604492
254,82,15.916595934768303,19.062501907348633
254,73,14.872578649520783,17.816959381103516
254,235,5.82618411942843,14.260528564453125
254,213,7.140745476315536,14.978191375732422
254,218,24.429292994651497,25.586557388305664
254,31,3.0479087829319784,9.284038543701172
254,10,23.28354228650445,24.67045021057129
254,116,9.723508388031467,15.849958419799805
254,118,40.16699455216217,37.16383361816406
254,25,24.320747579452767,26.372468948364258
254,47,5.596073545023367,14.161636352539062
254,211,21.29993261411261,23.669082641601562
254,257,27.29720305443461,28.85049057006836
254,198,19.834803963165598,22.303117752075195
254,208,7.183906463316794,14.715086936950684
254,160,18.279211772941405,20.882335662841797
254,114,20.693565010182557,23.128698348999023
254,7,14.346348686471593,18.165708541870117
254,220,4.358989871276203,12.335184097290039
254,175,17.816197557712048,19.12920379638672
254,139,24.745179709136092,25.580713272094727
254,219,25.696104627707165,26.70679473876953
254,67,31.953240722889763,32.317020416259766
254,20,3.5324721567411337,10.72251033782959
254,124,24.893185074428715,26.53432846069336
144,179,8.076441379375387,18.89073944091797
144,117,22.487665441398264,29.251291275024414
144,137,2.773099570064935,12.30667781829834
144,214,16.670422107018258,25.366167068481445
144,46,23.060785716930354,28.17308807373047
144,254,21.360798356065022,26.846975326538086
144,113,1.3168245387528732,7.946686744689941
144,97,3.8265154417735365,14.592761039733887
144,86,24.304389180399614,30.53955841064453
144,82,10.329179203131934,20.21913719177246
144,73,16.436540901018628,23.617877960205078
144,235,16.135528151137443,22.96569061279297
144,213,15.913872733853491,22.76092529296875
144,218,19.68322910233433,26.7507266998291
144,31,18.331498428077214,24.451871871948242
144,10,18.016722110627054,25.490047454833984
144,116,12.47315036649691,20.885684967041016
144,118,18.839970798873683,26.77545928955078
144,25,4.020096493341705,15.048121452331543
144,47,15.79950484946276,22.684852600097656
144,211,0.5130515395683152,5.514291763305664
144,257,7.640525842664665,19.327926635742188
144,198,8.201576481992396,19.28448486328125
144,208,18.537453615725255,24.62745475769043
144,160,9.878253302503204,20.17145538330078
144,114,0.8283972525563079,6.399299621582031
144,7,7.92941443645719,18.825624465942383
144,220,19.35679146705134,25.414094924926758
144,175,20.610542841149346,26.849336624145508
144,139,21.902708276463198,28.372116088867188
144,219,20.698339802827114,27.577146530151367
144,67,11.335960500806074,21.97368621826172
144,20,17.8590143868409,24.119108200073242
144,124,14.610549008971592,23.437524795532227
113,179,7.056023473027227,18.140792846679688
113,117,23.15586540417781,29.602832794189453
113,137,1.739271776132393,9.14405345916748
113,214,17.93330573048365,26.092975616455078
113,46,22.102264765212134,26.959186553955078
113,254,20.15839569642787,25.365211486816406
113,144,1.3168245387528732,8.447991371154785
113,97,4.922619063349737,16.609376907348633
113,86,24.84923991293041,30.789663314819336
113,82,9.928485319209885,19.89439582824707
113,73,15.974967610102931,23.05706214904785
113,235,14.869907704240026,21.679019927978516
113,213,14.894029585418293,21.726354598999023
113,218,19.869867286686617,26.724464416503906
113,31,17.139957160492806,23.08771514892578
113,10,18.184777574856753,25.45195198059082
113,116,11.17629852404963,19.91461944580078
113,118,20.011823186678612,27.43581199645996
113,25,5.2589483580330345,17.136825561523438
113,47,14.581278440908381,21.473819732666016
113,211,1.1422819134052846,7.866372108459473
113,257,8.877012583197468,20.300582885742188
113,198,8.341250916978826,19.37881088256836
113,208,17.58811776931083,23.514678955078125
113,160,9.781218509011211,20.04460906982422
113,114,0.5376419320742318,5.596912384033203
113,7,7.072180768289129,18.177978515625
113,220,18.072935299760186,23.901264190673828
113,175,20.276526047423477,26.33721160888672
113,139,22.013064833077078,28.274497985839844
113,219,20.936439817189807,27.592391967773438
113,67,12.651739086555908,22.746965408325195
113,20,16.64509252782742,22.75820541381836
113,124,15.08501170253939,23.639554977416992
97,179,9.794883704082443,19.67461395263672
97,117,18.998710816389668,26.456113815307617
97,137,5.515479812384526,16.56285858154297
97,214,14.864689987398368,24.048778533935547
97,46,23.96332675334798,29.012670516967773
97,254,23.39632367457926,28.81454849243164
97,144,3.8265154417735365,14.030407905578613
97,113,4.922619063349737,15.89650821685791
97,86,21.009373708172667,27.884632110595703
97,82,9.87403498956099,19.652694702148438
97,73,15.808995313263118,22.97247314453125
97,235,18.636329497254415,25.153749465942383
97,213,17.214078445325985,23.768964767456055
97,218,17.189736124834138,24.609540939331055
97,31,20.35160609130538,26.324377059936523
97,10,15.60099526876397,23.456872940063477
97,116,15.290661289835839,22.854270935058594
97,118,17.68708142328638,26.019329071044922
97,25,1.108538695269182,7.283144474029541
97,47,18.011457632102008,24.555192947387695
97,211,4.311127959560787,14.972251892089844
97,257,4.1364993563005115,14.103044509887695
97,198,6.426622672710232,17.051422119140625
97,208,19.491791582170308,25.435335159301758
97,160,8.578218008460702,18.90544319152832
97,114,4.583181310101852,15.39547061920166
97,7,9.131722960952375,19.291736602783203
97,220,21.958453386764283,27.905296325683594
97,175,19.4822526828608,25.740421295166016
97,139,19.557152572312688,26.302846908569336
97,219,18.06767167608497,25.32045555114746
97,67,8.560977310051998,19.48252296447754
97,20,20.009228724357392,26.096416473388672
97,124,11.566980166241407,21.077835083007812
86,179,23.808813443115444,29.015491485595703
86,117,3.054893907297547,8.524395942687988
86,137,24.183035593262936,29.93524742126465
86,214,28.010688044547436,33.51347732543945
86,46,27.48351563990681,30.347349166870117
86,254,32.274392311539664,35.20363235473633
86,144,24.304389180399614,30.249258041381836
86,113,24.84923991293041,30.695823669433594
86,97,21.009373708172667,27.117820739746094
86,82,18.3807376145304,23.471946716308594
86,73,17.40863237869118,21.66463851928711
86,235,30.913810289658983,34.789737701416016
86,213,25.453675544724174,29.539939880371094
86,218,7.880255304182752,14.346407890319824
86,31,30.116670085516674,33.751399993896484
86,10,9.019245536305785,15.600820541381836
86,116,29.810713016579147,34.28628158569336
86,118,32.0233359712803,36.487586975097656
86,25,21.603753954884052,27.76283073425293
86,47,29.366829788503022,33.43601989746094
86,211,24.812800899167126,30.73135757446289
86,257,19.683443713268986,25.9801025390625
86,198,16.942757839375084,22.706100463867188
86,208,25.198737121897274,28.809762954711914
86,160,16.64494439890006,22.160720825195312
86,114,24.793314881589097,30.6766357421875
86,7,22.478108641450557,27.696346282958984
86,220,33.748098225366626,36.71318435668945
86,175,15.573325366322724,19.764604568481445
86,139,8.343459813723289,14.562880516052246
86,219,6.6813862246185955,13.014425277709961
86,67,21.964258069523428,28.242589950561523
86,20,30.427365259960865,34.10759353637695
86,124,9.796734511723105,16.680524826049805
82,179,5.602783301841497,15.507233619689941
82,117,17.764361939017935,23.66463851928711
82,137,8.3944774558822,18.11102867126465
82,214,24.456369333559238,29.520729064941406
82,46,14.57974417468248,17.800277709960938
82,254,15.916595934768303,18.653100967407227
82,144,10.329179203131934,19.325847625732422
82,113,9.928485319209885,19.006481170654297
82,97,9.87403498956099,19.271514892578125
82,86,18.3807376145304,23.825641632080078
82,73,6.116299376765081,15.000877380371094
82,235,12.972796632563586,18.10942268371582
82,213,8.8484915913938,16.598087310791016
82,218,11.549744510166464,19.057750701904297
82,31,13.132510834971804,17.764022827148438
82,10,9.908414639247512,18.280895233154297
82,116,11.43593916508471,18.0985164642334
82,118,27.505758608800612,31.72096061706543
82,25,10.981856389033826,19.91525650024414
82,47,11.63224521749527,17.580751419067383
82,211,10.652315154530918,19.46983528137207
82,257,12.791972327895301,21.076995849609375
82,198,4.209559593256467,13.878026008605957
82,208,10.349054527996582,16.860929489135742
82,160,2.3626939797321107,9.139634132385254
82,114,10.234089913248235,19.20730209350586
82,7,4.346883402685975,13.875125885009766
82,220,16.120348940978417,19.320640563964844
82,175,10.352509213813931,17.496612548828125
82,139,13.19515012196148,19.61884880065918
82,219,12.817430807212913,19.755155563354492
82,67,17.627684574347207,24.422576904296875
82,20,13.156178438415376,17.858806610107422
82,124,9.423898049662322,18.544641494750977
73,179,10.402378525426723,17.602157592773438
73,117,17.835879189742137,22.61152458190918
73,137,14.370357480516567,20.057687759399414
73,214,29.97710339373775,32.821659088134766
73,46,10.761242398977586,15.696491241455078
73,254,14.872578649520783,17.000795364379883
73,144,16.436540901018628,21.70140266418457
73,113,15.974967610102931,21.236120223999023
73,97,15.808995313263118,21.513153076171875
73,86,17.40863237869118,22.001310348510742
73,82,6.116299376765081,15.395355224609375
73,235,14.266894915869708,17.724464416503906
73,213,8.278467219094898,15.766334533691406
73,218,9.557056525030049,17.3874454498291
73,31,12.866900030453232,16.78650665283203
73,10,8.458892860418954,16.88006019592285
73,116,14.409182280422504,18.501081466674805
73,118,33.23429533654433,35.03352737426758
73,25,16.914183283697323,22.348974227905273
73,47,12.590476796424866,17.10736656188965
73,211,16.746705681863194,21.903066635131836
73,257,18.238019903863407,23.511621475219727
73,198,9.567402365461367,17.89999771118164
73,208,7.807085448619339,15.196001052856445
73,160,7.317854557906387,16.515941619873047
73,114,16.30832652207901,21.52745819091797
73,7,9.526689782668491,17.367151260375977
73,220,16.70434877988914,18.41313362121582
73,175,4.626165943639026,12.056389808654785
73,139,10.076044172327903,17.377119064331055
73,219,10.829478795696302,18.007612228393555
73,67,22.973372501624148,27.411996841430664
73,20,13.285325158123152,17.005842208862305
73,124,11.1098845386466,18.69753074645996
235,179,9.049886048796038,17.346155166625977
235,117,30.622782982685745,32.42466354370117
235,137,13.453874374249065,19.713712692260742
235,214,32.802281970102314,33.773929595947266
235,46,11.30494767602574,15.855241775512695
235,254,5.82618411942843,13.94437026977539
235,144,16.135528151137443,21.610822677612305
235,113,14.869907704240026,20.673847198486328
235,97,18.636329497254415,23.549325942993164
235,86,30.913810289658983,32.5483283996582
235,82,12.972796632563586,18.95657730102539
235,73,14.266894915869708,18.81134605407715
235,213,6.2142646666979,15.193310737609863
235,218,23.391066967224113,26.37870979309082
235,31,3.463835570436118,10.619750022888184
235,10,21.974493511791025,25.266366958618164
235,116,3.9444823930916133,13.76850700378418
235,118,34.763330126368814,34.88383102416992
235,25,19.45581906173971,24.215240478515625
235,47,1.7092314674632643,6.307190895080566
235,211,16.00643600744292,21.509300231933594
235,257,22.700892945397786,26.77912712097168
235,198,16.257287181505088,21.4164981842041
235,208,8.443678970292334,15.802205085754395
235,160,15.206532473014649,20.46951675415039
235,114,15.407045020082638,21.06330680847168
235,7,10.11361033165227,17.77370262145996
235,220,3.348498419140595,10.33965015411377
235,175,18.281977428115553,21.046398162841797
235,139,24.285092214131055,26.88111686706543
235,219,24.70541286043323,27.496824264526367
235,67,27.151446704141186,30.110986709594727
235,20,2.6049732390573626,8.313543319702148
235,124,22.392795065714257,26.10053253173828
213,179,7.843573104039336,16.674535751342773
213,117,25.518091329042456,28.31159210205078
213,137,13.181170409052774,19.20669937133789
213,214,32.05781719349149,33.457069396972656
213,46,7.299197426141543,14.386502265930176
213,254,7.140745476315536,14.391563415527344
213,144,15.913872733853491,21.06036949157715
213,113,14.894029585418293,20.283843994140625
213,97,17.214078445325985,22.16720199584961
213,86,25.453675544724174,28.04539680480957
213,82,8.8484915913938,17.177608489990234
213,73,8.278467219094898,16.355863571166992
213,235,6.2142646666979,14.72181224822998
213,218,17.71137593455246,21.464262008666992
213,31,4.664813724033587,12.72127628326416
213,10,16.434713868930697,20.697681427001953
213,116,7.692542212180197,15.944348335266113
213,118,34.63079087259149,35.0483512878418
213,25,18.232182689813083,22.96269989013672
213,47,4.505509408443273,13.095967292785645
213,211,15.983538851494254,21.084224700927734
213,257,20.860529359948643,25.10769271850586
213,198,12.899171709697958,19.202486038208008
213,208,2.980843439998391,8.327895164489746
213,160,11.205670626911353,18.257360458374023
213,114,15.395271825216074,20.647581100463867
213,7,8.134874224427191,16.867034912109375
213,220,8.42601550327527,15.150076866149902
213,175,12.0857347839811,17.385196685791016
213,139,18.354133226069504,21.5768985748291
213,219,19.01042265246181,22.438636779785156
213,67,25.643938901202443,28.922088623046875
213,20,5.012460257828964,13.356948852539062
213,124,17.75969399643901,22.211545944213867
218,179,17.15208972575233,21.845943450927734
218,117,8.77797125935215,16.32169532775879
218,137,18.794595871268044,23.988101959228516
218,214,28.082790952547285,32.59968185424805
218,46,19.669833134013473,20.929479598999023
218,254,24.429292994651497,26.2572078704834
218,144,19.68322910233433,25.073484420776367
218,113,19.869867286686617,25.126483917236328
218,97,17.189736124834138,23.092313766479492
218,86,7.880255304182752,15.29909896850586
218,82,11.549744510166464,18.330846786499023
218,73,9.557056525030049,16.591846466064453
218,235,23.391066967224113,26.369123458862305
218,213,17.71137593455246,20.8320255279541
218,31,22.35790644957524,24.710542678833008
218,10,1.6983065902892476,5.51191520690918
218,116,22.707269153366813,26.39143180847168
218,118,31.899792814961987,35.388572692871094
218,25,18.0767746096413,23.902908325195312
218,47,21.787164186177073,24.691957473754883
218,211,20.150944051371866,25.490591049194336
218,257,17.45184169626786,23.535079956054688
218,198,11.529345917120596,18.773969650268555
218,208,17.327022558733436,20.04010009765625
218,160,10.401410744019897,17.909154891967773
218,114,19.96298701757098,25.26371955871582
218,7,15.878386419593124,20.951940536499023
218,220,26.08546763633627,28.632068634033203
218,175,7.991024675202431,15.088167190551758
218,139,2.4977809152276595,6.6985883712768555
218,219,1.315298385887823,4.679462909698486
218,67,21.182053559157918,26.84389305114746
218,20,22.715074439136014,25.21691131591797
218,124,6.269722037439472,14.471060752868652
31,179,10.557997265670206,17.237747192382812
31,117,30.167104601817652,31.471994400024414
31,137,15.568515612867142,20.090097427368164
31,214,34.932636749043056,34.72604751586914
31,46,7.9415525858979255,14.613716125488281
31,254,3.0479087829319784,8.29952335357666
31,144,18.331498428077214,22.253948211669922
31,113,17.139957160492806,21.269384384155273
31,97,20.35160609130538,23.978618621826172
31,86,30.116670085516674,31.307207107543945
31,82,13.132510834971804,18.35941505432129
31,73,12.866900030453232,17.5693416595459
31,235,3.463835570436118,11.243006706237793
31,213,4.664813724033587,13.478869438171387
31,218,22.35790644957524,24.63208770751953
31,10,21.097442507016403,23.664339065551758
31,116,7.042627039017406,15.589317321777344
31,118,37.15174930431853,35.96909713745117
31,25,21.273344226822324,24.7563533782959
31,47,2.6760709557918374,9.000391960144043
31,211,18.28031993567584,22.198532104492188
31,257,24.26546450418305,27.234426498413086
31,198,16.93829393916559,21.035587310791016
31,208,5.814039387079957,14.176070213317871
31,160,15.486260570404776,19.853700637817383
31,114,17.67385242730206,21.701040267944336
31,7,11.321484224852975,17.582151412963867
31,220,4.036952521870395,11.734674453735352
31,175,16.34985706262824,18.929758071899414
31,139,22.917781305564443,24.807104110717773
31,219,23.65226904929975,25.754718780517578
31,67,28.909942560728155,30.798574447631836
31,20,0.8761778120884764,4.039608955383301
31,124,22.303940613609527,25.202455520629883
10,179,15.50558271711991,20.776092529296875
10,117,9.427982877588917,17.077781677246094
10,137,17.098497637577875,22.73538589477539
10,214,26.937086555324537,31.726287841796875
10,46,18.90839174784514,20.423877716064453
10,254,23.28354228650445,25.167339324951172
10,144,18.016722110627054,23.802431106567383
10,113,18.184777574856753,23.819896697998047
10,97,15.60099526876397,22.06310272216797
10,86,9.019245536305785,16.536598205566406
10,82,9.908414639247512,17.610065460205078
10,73,8.458892860418954,16.040130615234375
10,235,21.974493511791025,25.05097007751465
10,213,16.434713868930697,20.016502380371094
10,218,1.6983065902892476,5.478660583496094
10,31,21.097442507016403,23.56576919555664
10,116,21.149963669070697,24.982633590698242
10,118,30.69819600949374,34.528968811035156
10,25,16.512331866493565,22.831859588623047
10,47,20.397979339749128,23.45351219177246
10,211,18.48085783743546,24.190088272094727
10,257,16.060492924551856,22.640504837036133
10,198,9.84698853026155,17.978763580322266
10,208,16.26564875346755,19.432785034179688
10,160,8.7057931493465,17.039621353149414
10,114,18.28441515190028,23.961441040039062
10,7,14.222105140827344,20.007593154907227
10,220,24.748828567744848,27.368932723999023
10,175,7.714301048628346,15.027549743652344
10,139,3.9579349417320384,10.193126678466797
10,219,2.912134662138105,8.33358383178711
10,67,19.964208508866147,25.947189331054688
10,20,21.413410724902963,24.019285202026367
10,124,5.107107347753376,13.27542495727539
116,179,6.388255843922965,16.955398559570312
116,117,29.14628128785601,32.191162109375
116,137,9.899691256233659,19.021509170532227
116,214,29.080286544624954,32.03828048706055
116,46,14.25794815536427,17.640594482421875
116,254,9.723508388031467,16.023862838745117
116,144,12.47315036649691,20.485822677612305
116,113,11.17629852404963,19.720415115356445
116,97,15.290661289835839,22.315044403076172
116,86,29.810713016579147,32.59212875366211
116,82,11.43593916508471,19.126712799072266
116,73,14.409182280422504,19.831180572509766
116,235,3.9444823930916133,13.067716598510742
116,213,7.692542212180197,16.40106964111328
116,218,22.707269153366813,26.88672637939453
116,31,7.042627039017406,15.628376960754395
116,10,21.149963669070697,25.680105209350586
116,118,30.919276188688258,33.130191802978516
116,25,16.017725107831392,22.85524559020996
116,47,4.425558339197032,13.862824440002441
116,211,12.295439442712814,20.378236770629883
116,257,19.416081408875115,25.33684730529785
116,198,13.951448603934928,21.00347328186035
116,208,10.551064857190608,17.010488510131836
116,160,13.381354620817518,20.39678955078125
116,114,11.708060621961039,20.02631378173828
116,7,7.671983471220485,17.629154205322266
116,220,6.930106213774196,15.443687438964844
116,175,18.85714806908152,22.658966064453125
116,139,23.974652457025172,27.706466674804688
116,219,24.012131132167458,27.97060775756836
116,67,23.681881002318352,28.468183517456055
116,20,6.292386908658669,15.297648429870605
116,124,20.68335495549457,25.791128158569336
118,179,26.859791233048735,36.821983337402344
118,117,29.07843374771829,37.129478454589844
118,137,21.612847787097518,32.9571533203125
118,214,4.018517511693644,11.047207832336426
118,46,41.586410842418694,44.6536750793457
118,254,40.16699455216217,44.230262756347656
118,144,18.839970798873683,30.72919273376465
118,113,20.011823186678612,31.71156883239746
118,97,17.68708142328638,29.57318687438965
118,86,32.0233359712803,39.044315338134766
118,82,27.505758608800612,37.02574920654297
118,73,33.23429533654433,40.512413024902344
118,235,34.763330126368814,41.772125244140625
118,213,34.63079087259149,41.53420639038086
118,218,31.899792814961987,39.36075210571289
118,31,37.15174930431853,42.89160919189453
118,10,30.69819600949374,38.6800537109375
118,116,30.919276188688258,39.638370513916016
118,25,16.595613244943774,28.675230026245117
118,47,34.581616682955605,41.633689880371094
118,211,18.87190401727691,30.780838012695312
118,257,15.081753522302918,27.105899810791016
118,198,23.667301194912785,34.17597579956055
118,208,37.08263260429909,42.714908599853516
118,160,25.918126508541633,35.83195877075195
118,114,19.478324563609615,31.276046752929688
118,7,26.50601685062603,36.52031326293945
118,220,37.84202770272507,43.29826736450195
118,175,36.389029143578924,42.07658767700195
118,139,34.390957085182656,40.78407669067383
118,219,32.288233385748015,39.53599548339844
118,67,10.734396003688909,22.200538635253906
118,20,36.64754969801068,42.66897201538086
118,124,25.64103364431875,35.23481369018555
25,179,10.71905734064639,20.464080810546875
25,117,19.48553251898795,27.05231475830078
25,137,6.140068122788686,17.408937454223633
25,214,13.827282775257263,23.44870376586914
25,46,25.029885094590153,30.389368057250977
25,254,24.320747579452767,30.06971549987793
25,144,4.020096493341705,14.369763374328613
25,113,5.2589483580330345,16.422922134399414
25,97,1.108538695269182,6.947966575622559
25,86,21.603753954884052,28.59193992614746
25,82,10.981856389033826,20.57248306274414
25,73,16.914183283697323,24.180679321289062
25,235,19.45581906173971,26.29387855529785
25,213,18.232182689813083,25.039941787719727
25,218,18.0767746096413,25.585956573486328
25,31,21.273344226822324,27.589967727661133
25,10,16.512331866493565,24.413658142089844
25,116,16.017725107831392,23.791248321533203
25,118,16.595613244943774,25.39131736755371
25,47,18.891723607344023,25.739078521728516
25,211,4.443553076190091,15.199161529541016
25,257,3.6218077041685377,13.11715316772461
25,198,7.501713953685168,18.284860610961914
25,208,20.548897063508054,26.806894302368164
25,160,9.671383026580623,19.86881446838379
25,114,4.8371238960041385,15.814576148986816
25,7,10.121902637273724,20.12425994873047
25,220,22.760345992334894,29.04553985595703
25,175,20.560490937179786,27.029884338378906
25,139,20.47021373991476,27.353864669799805
25,219,18.916693178434794,26.272539138793945
25,67,7.6956282722536695,18.707406997680664
25,20,20.906359548105325,27.334632873535156
25,124,12.319450066940744,21.787464141845703
47,179,8.250394871443856,17.016958236694336
47,117,29.157425329244578,31.2999210357666
47,137,13.054595408073265,19.396425247192383
47,214,32.4470569368488,33.58470916748047
47,46,10.00354150951238,15.479022026062012
47,254,5.596073545023367,13.620100975036621
47,144,15.79950484946276,21.267362594604492
47,113,14.581278440908381,20.378461837768555
47,97,18.011457632102008,22.985780715942383
47,86,29.366829788503022,31.33709144592285
47,82,11.63224521749527,18.29989242553711
47,73,12.590476796424866,17.961990356445312
47,235,1.7092314674632643,6.249283790588379
47,213,4.505509408443273,13.442865371704102
47,218,21.787164186177073,24.907072067260742
47,31,2.6760709557918374,8.124465942382812
47,10,20.397979339749128,23.84872055053711
47,116,4.425558339197032,14.195119857788086
47,118,34.581616682955605,34.8321647644043
47,25,18.891723607344023,23.691774368286133
47,211,15.723504348653968,21.200119018554688
47,257,22.003906681318725,26.16931915283203
47,198,15.127892114587379,20.595863342285156
47,208,6.825850417723764,15.067416191101074
47,160,13.92145108478008,19.641042709350586
47,114,15.11763708172801,20.75844955444336
47,7,9.170531073063884,17.393465042114258
47,220,4.489222938572477,12.857418060302734
47,175,16.574393612238776,19.711734771728516
47,139,22.62943820884433,25.32417106628418
47,219,23.099820116505512,26.028797149658203
47,67,26.56819943653899,29.661882400512695
47,20,2.0665161722204752,6.603418350219727
47,124,21.016036961419587,24.900304794311523
211,179,8.140070303167343,19.008750915527344
211,117,23.000477583541706,29.684253692626953
211,137,2.8023864360261848,12.490187644958496
211,214,16.799697162920786,25.485958099365234
211,46,23.167018447099636,28.355192184448242
211,254,21.29993261411261,26.872488021850586
211,144,0.5130515395683152,5.537762641906738
211,113,1.1422819134052846,7.407489776611328
211,97,4.311127959560787,15.5853853225708
211,86,24.812800899167126,30.968544006347656
211,82,10.652315154530918,20.483015060424805
211,73,16.746705681863194,23.94437026977539
211,235,16.00643600744292,22.939149856567383
211,213,15.983538851494254,22.899982452392578
211,218,20.150944051371866,27.191972732543945
211,31,18.28031993567584,24.490198135375977
211,10,18.48085783743546,25.921463012695312
211,116,12.295439442712814,20.844966888427734
211,118,18.87190401727691,26.817760467529297
211,25,4.443553076190091,15.890156745910645
211,47,15.723504348653968,22.70427131652832
211,257,8.054028819218486,19.753599166870117
211,198,8.652642756090609,19.68785285949707
211,208,18.647493027287762,24.812469482421875
211,160,10.282716938880313,20.492843627929688
211,114,0.6064701041959601,5.7045207023620605
211,7,8.076047150558647,19.00310707092285
211,220,19.20083971831131,25.35074234008789
211,175,20.961865604852523,27.231142044067383
211,139,22.35808919756539,28.8078670501709
211,219,21.17425097386677,28.021446228027344
211,67,11.625117170028615,22.22309684753418
211,20,17.78721881531957,24.13894271850586
211,124,15.112586682234753,23.852928161621094
257,179,13.754520638617432,22.678285598754883
257,117,17.2550684016055,25.294696807861328
257,137,9.64280132034423,20.251750946044922
257,214,11.741159535019232,21.654630661010742
257,46,27.2977706985417,32.82520294189453
257,254,27.29720305443461,33.15155792236328
257,144,7.640525842664665,18.691247940063477
257,113,8.877012583197468,19.785951614379883
257,97,4.1364993563005115,13.40467357635498
257,86,19.683443713268986,27.143064498901367
257,82,12.791972327895301,21.847280502319336
257,73,18.238019903863407,25.557640075683594
257,235,22.700892945397786,29.72513198852539
257,213,20.860529359948643,27.835615158081055
257,218,17.45184169626786,25.198461532592773
257,31,24.26546450418305,30.797727584838867
257,10,16.060492924551856,24.143840789794922
257,116,19.416081408875115,27.159818649291992
257,118,15.081753522302918,24.345504760742188
257,25,3.6218077041685377,12.542060852050781
257,47,22.003906681318725,29.040027618408203
257,211,8.054028819218486,19.12150764465332
257,198,8.723956406884458,19.027687072753906
257,208,22.920298462595024,29.41671371459961
257,160,10.9632706626973,20.667217254638672
257,114,8.45888057141372,19.458255767822266
257,7,12.953066215734362,22.105182647705078
257,220,26.0350872675246,32.43185806274414
257,175,21.31170145273819,27.98517417907715
257,139,19.936884168462708,27.088380813598633
257,219,18.07851915554772,25.711952209472656
257,67,4.84050193772442,14.147246360778809
257,20,23.969921609412065,30.610097885131836
257,124,11.265134222045504,20.79340362548828
198,179,7.5649809995808575,17.295381546020508
198,117,15.679748905172943,22.747604370117188
198,137,7.355477267618905,17.733156204223633
198,214,20.45729896617466,27.209936141967773
198,46,18.782118887798884,21.8035945892334
198,254,19.834803963165598,23.12851905822754
198,144,8.201576481992396,18.548948287963867
198,113,8.341250916978826,18.553089141845703
198,97,6.426622672710232,17.086345672607422
198,86,16.942757839375084,23.39508056640625
198,82,4.209559593256467,13.037704467773438
198,73,9.567402365461367,17.753507614135742
198,235,16.257287181505088,21.135822296142578
198,213,12.899171709697958,18.953937530517578
198,218,11.529345917120596,19.421518325805664
198,31,16.93829393916559,21.151216506958008
198,10,9.84698853026155,18.47891616821289
198,116,13.951448603934928,20.219181060791016
198,118,23.667301194912785,29.593862533569336
198,25,7.501713953685168,18.101951599121094
198,47,15.127892114587379,20.30059814453125
198,211,8.652642756090609,18.8382568359375
198,257,8.723956406884458,18.983612060546875
198,208,14.552423326706592,19.49945640563965
198,160,2.2514849010907017,8.3704195022583
198,114,8.438721702987705,18.657672882080078
198,7,6.290108104118408,16.23253059387207
198,220,19.545672427100783,23.467134475708008
198,175,13.058778117304678,19.30634117126465
198,139,13.706011013189466,20.444517135620117
198,219,12.600493367364164,20.082950592041016
198,67,13.527209894087045,22.241609573364258
198,20,16.849733399414916,21.19398307800293
198,124,7.1966839505843225,16.89544105529785
208,179,10.546818733533192,17.128759384155273
208,117,25.619745070990163,27.813190460205078
208,137,15.855847799960557,20.062559127807617
208,214,34.352016730976665,34.64803695678711
208,46,4.524496394624263,10.777802467346191
208,254,7.183906463316794,14.191903114318848
208,144,18.537453615725255,22.20638656616211
208,113,17.58811776931083,21.370223999023438
208,97,19.491791582170308,23.155611038208008
208,86,25.198737121897274,27.22698211669922
208,82,10.349054527996582,17.29448127746582
208,73,7.807085448619339,15.894161224365234
208,235,8.443678970292334,15.35189437866211
208,213,2.980843439998391,9.022059440612793
208,218,17.327022558733436,20.615859985351562
208,31,5.814039387079957,13.822178840637207
208,10,16.26564875346755,20.035266876220703
208,116,10.551064857190608,16.3729190826416
208,118,37.08263260429909,36.2760009765625
208,25,20.548897063508054,24.04852867126465
208,47,6.825850417723764,14.837993621826172
208,211,18.647493027287762,22.269163131713867
208,257,22.920298462595024,26.103933334350586
208,198,14.552423326706592,19.470239639282227
208,160,12.59665259505795,18.33979606628418
208,114,18.072514416291313,21.779569625854492
208,7,10.629985822281261,17.262065887451172
208,220,9.850039158117504,15.219573974609375
208,175,10.679341936305116,16.63343048095703
208,139,17.56471583090757,20.4387149810791
208,219,18.575436760965797,21.4975528717041
208,67,27.750441061235183,30.037092208862305
208,20,6.502048559691264,14.362661361694336
208,124,18.419633153555278,22.05099868774414
160,179,7.181550824819756,16.827970504760742
160,117,15.778062779181639,22.462554931640625
160,137,8.509045393549785,18.25436782836914
160,214,22.701530123628253,28.543701171875
160,46,16.71342408450448,19.456920623779297
160,254,18.279211772941405,20.935916900634766
160,144,9.878253302503204,19.25432777404785
160,113,9.781218509011211,19.08856201171875
160,97,8.578218008460702,18.61617088317871
160,86,16.64494439890006,22.78215980529785
160,82,2.3626939797321107,8.31847858428955
160,73,7.317854557906387,16.05069351196289
160,235,15.206532473014649,19.766490936279297
160,213,11.205670626911353,17.74966812133789
160,218,10.401410744019897,18.50620460510254
160,31,15.486260570404776,19.449390411376953
160,10,8.7057931493465,17.537981033325195
160,116,13.381354620817518,19.372333526611328
160,118,25.918126508541633,30.92902374267578
160,25,9.671383026580623,19.335498809814453
160,47,13.92145108478008,18.994810104370117
160,211,10.282716938880313,19.459749221801758
160,257,10.9632706626973,20.18366241455078
160,198,2.2514849010907017,9.099823951721191
160,208,12.59665259505795,17.991809844970703
160,114,9.974698182211707,19.241439819335938
160,7,5.846295535164094,15.660170555114746
160,220,18.401818594856465,21.665138244628906
160,175,10.935099354880743,17.887393951416016
160,139,12.358810414196341,19.31510353088379
160,219,11.587614534865278,19.194833755493164
160,67,15.750241343676723,23.38324546813965
160,20,15.492887810558523,19.559843063354492
160,124,7.303768597322073,16.94070053100586
114,179,7.553067670774314,18.54652214050293
114,117,23.043972177383928,29.6085147857666
114,137,2.2175746446245665,10.77131175994873
114,214,17.396636159725585,25.80307960510254
114,46,22.58988451158151,27.60008430480957
114,254,20.693565010182557,26.066917419433594
114,144,0.8283972525563079,6.669322490692139
114,113,0.5376419320742318,5.3895111083984375
114,97,4.583181310101852,16.06743812561035
114,86,24.793314881589097,30.841127395629883
114,82,10.234089913248235,20.14182472229004
114,73,16.30832652207901,23.440685272216797
114,235,15.407045020082638,22.25553321838379
114,213,15.395271825216074,22.252052307128906
114,218,19.96298701757098,26.90785026550293
114,31,17.67385242730206,23.73192024230957
114,10,18.28441515190028,25.636259078979492
114,116,11.708060621961039,20.335264205932617
114,118,19.478324563609615,27.145404815673828
114,25,4.8371238960041385,16.52908706665039
114,47,15.11763708172801,22.03269386291504
114,211,0.6064701041959601,5.940020561218262
114,257,8.45888057141372,20.031408309936523
114,198,8.438721702987705,19.484228134155273
114,208,18.072514416291313,24.100963592529297
114,160,9.974698182211707,20.22256851196289
114,7,7.523536804425735,18.55596160888672
114,220,18.60777408704682,24.577241897583008
114,175,20.567623627399254,26.72442054748535
114,139,22.13771686199684,28.489866256713867
114,219,21.00919552031194,27.758068084716797
114,67,12.152767237386891,22.491647720336914
114,20,17.18118521103563,23.39220428466797
114,124,15.054929165999457,23.705307006835938
7,179,1.3358302034433474,6.177623271942139
7,117,21.601700775275145,26.94493293762207
7,137,5.336287790541101,16.45182991027832
7,214,23.936066574347684,29.181062698364258
7,46,15.154039828884622,18.455793380737305
7,254,14.346348686471593,18.063013076782227
7,144,7.92941443645719,18.54277229309082
7,113,7.072180768289129,17.95978546142578
7,97,9.131722960952375,19.296125411987305
7,86,22.478108641450557,27.420143127441406
7,82,4.346883402685975,14.162947654724121
7,73,9.526689782668491,17.743606567382812
7,235,10.11361033165227,17.21329689025879
7,213,8.134874224427191,16.58182716369629
7,218,15.878386419593124,21.96534538269043
7,31,11.321484224852975,17.285415649414062
7,10,14.222105140827344,20.97950553894043
7,116,7.671983471220485,16.87195587158203
7,118,26.50601685062603,30.953601837158203
7,25,10.121902637273724,19.863479614257812
7,47,9.170531073063884,16.927963256835938
7,211,8.076047150558647,18.611387252807617
7,257,12.953066215734362,21.53329849243164
7,198,6.290108104118408,16.998432159423828
7,208,10.629985822281261,17.236146926879883
7,160,5.846295535164094,16.31354522705078
7,114,7.523536804425735,18.266578674316406
7,220,13.448763757946075,18.038238525390625
7,175,14.096119336315637,19.632308959960938
7,139,17.538741673782575,22.824623107910156
7,219,17.134172271310284,22.884326934814453
7,67,17.64899888889033,24.70756721496582
7,20,11.067086989300531,17.2643985748291
7,124,13.091076458352353,20.94152069091797
220,179,12.397964550523826,18.002304077148438
220,117,33.61297773994363,33.963382720947266
220,137,16.7149985888685,21.035404205322266
220,214,35.99736007285347,35.21144485473633
220,46,11.461840151357544,15.568625450134277
220,254,4.358989871276203,12.001667022705078
220,144,19.35679146705134,23.22061538696289
220,113,18.072935299760186,22.14536476135254
220,97,21.958453386764283,25.390104293823242
220,86,33.748098225366626,34.00200271606445
220,82,16.120348940978417,20.093748092651367
220,73,16.70434877988914,19.64662742614746
220,235,3.348498419140595,11.456363677978516
220,213,8.42601550327527,15.804272651672363
220,218,26.08546763633627,27.99015998840332
220,31,4.036952521870395,12.238887786865234
220,10,24.748828567744848,26.928157806396484
220,116,6.930106213774196,15.726078987121582
220,118,37.84202770272507,36.16525650024414
220,25,22.760345992334894,26.0653018951416
220,47,4.489222938572477,13.643352508544922
220,211,19.20083971831131,23.088829040527344
220,257,26.0350872675246,28.670841217041016
220,198,19.545672427100783,23.10679817199707
220,208,9.850039158117504,15.85374927520752
220,160,18.401818594856465,21.978059768676758
220,114,18.60777408704682,22.591106414794922
220,7,13.448763757946075,18.564498901367188
220,175,20.34996886857781,22.034751892089844
220,139,26.78014624548156,28.359230041503906
220,219,27.391816354170924,29.085256576538086
220,67,30.45400320102648,31.85178565979004
220,20,3.441963681705296,10.950922012329102
220,124,25.50367575747832,27.949167251586914
175,179,15.015690300402445,19.19105339050293
175,117,16.766398947456306,21.33939552307129
175,137,18.741686051910317,22.487476348876953
175,214,32.90205315486017,34.76402282714844
175,46,12.0408128515862,15.843315124511719
175,254,17.816197557712048,18.18050765991211
175,144,20.610542841149346,24.36736297607422
175,113,20.276526047423477,23.948345184326172
175,97,19.4822526828608,23.60964584350586
175,86,15.573325366322724,20.312196731567383
175,82,10.352509213813931,17.355892181396484
175,73,4.626165943639026,12.218994140625
175,235,18.281977428115553,19.699106216430664
175,213,12.0857347839811,16.790016174316406
175,218,7.991024675202431,16.071916580200195
175,31,16.34985706262824,17.971755981445312
175,10,7.714301048628346,15.980321884155273
175,116,18.85714806908152,20.970930099487305
175,118,36.389029143578924,36.999107360839844
175,25,20.560490937179786,24.582979202270508
175,47,16.574393612238776,18.605632781982422
175,211,20.961865604852523,24.661983489990234
175,257,21.31170145273819,25.379526138305664
175,198,13.058778117304678,18.96247673034668
175,208,10.679341936305116,16.07735252380371
175,160,10.935099354880743,17.82929801940918
175,114,20.567623627399254,24.257925033569336
175,7,14.096119336315637,18.820581436157227
175,220,20.34996886857781,20.692035675048828
175,139,7.334627751019894,15.300421714782715
175,219,8.976907127395021,16.673044204711914
175,67,25.82267190294024,29.345312118530273
175,20,16.913530426932674,18.384212493896484
175,124,12.08850710964823,18.694061279296875
139,179,18.76097482129958,22.672576904296875
139,117,9.98869323216787,17.108692169189453
139,137,20.84936649060027,25.311193466186523
139,214,30.56472919136461,34.19378662109375
139,46,19.363355752502617,20.130067825317383
139,254,24.745179709136092,25.974525451660156
139,144,21.902708276463198,26.57076644897461
139,113,22.013064833077078,26.569978713989258
139,97,19.557152572312688,24.569793701171875
139,86,8.343459813723289,15.60206127166748
139,82,13.19515012196148,18.871679306030273
139,73,10.076044172327903,16.668790817260742
139,235,24.285092214131055,26.710838317871094
139,213,18.354133226069504,20.846059799194336
139,218,2.4977809152276595,7.174973964691162
139,31,22.917781305564443,24.687358856201172
139,10,3.9579349417320384,10.614655494689941
139,116,23.974652457025172,27.10491943359375
139,118,34.390957085182656,36.82204055786133
139,25,20.47021373991476,25.459484100341797
139,47,22.62943820884433,24.9630126953125
139,211,22.35808919756539,26.994678497314453
139,257,19.936884168462708,25.123855590820312
139,198,13.706011013189466,19.67312240600586
139,208,17.56471583090757,19.748138427734375
139,160,12.358810414196341,18.67723846435547
139,114,22.13771686199684,26.73587989807129
139,7,17.538741673782575,21.726905822753906
139,220,26.78014624548156,28.773956298828125
139,175,7.334627751019894,14.348799705505371
139,219,2.383352529244596,6.966775417327881
139,67,23.676743939112306,28.569257736206055
139,20,23.357760285029894,25.285945892333984
139,124,8.767047659743627,16.63902473449707
219,179,18.41642963359993,22.924015045166016
219,117,7.857964773470055,15.276512145996094
219,137,19.912267479102127,25.014320373535156
219,214,28.42185890243686,32.96464538574219
219,46,20.807642777276186,22.053539276123047
219,254,25.696104627707165,27.722496032714844
219,144,20.698339802827114,26.02013397216797
219,113,20.936439817189807,26.13462257385254
219,97,18.06767167608497,23.80679702758789
219,86,6.6813862246185955,13.907586097717285
219,82,12.817430807212913,18.966388702392578
219,73,10.829478795696302,17.222597122192383
219,235,24.70541286043323,27.8199520111084
219,213,19.01042265246181,21.97362518310547
219,218,1.315298385887823,4.560157775878906
219,31,23.65226904929975,26.16284942626953
219,10,2.912134662138105,8.133474349975586
219,116,24.012131132167458,27.784961700439453
219,118,32.288233385748015,35.77545928955078
219,25,18.916693178434794,24.619314193725586
219,47,23.099820116505512,26.126279830932617
219,211,21.17425097386677,26.4583740234375
219,257,18.07851915554772,24.035154342651367
219,198,12.600493367364164,19.326112747192383
219,208,18.575436760965797,21.069480895996094
219,160,11.587614534865278,18.500425338745117
219,114,21.00919552031194,26.251861572265625
219,7,17.134172271310284,21.91004753112793
219,220,27.391816354170924,30.061283111572266
219,175,8.976907127395021,15.739400863647461
219,139,2.383352529244596,6.325917720794678
219,67,21.61120165237325,27.24873161315918
219,20,24.01672046834758,26.67698097229004
219,124,6.814208735191601,14.84743595123291
67,179,18.355122201916267,27.627452850341797
67,117,19.184144841533467,27.62356185913086
67,137,13.782454002175877,24.160490036010742
67,214,7.080339225893146,16.205354690551758
67,46,32.13685404048409,37.723960876464844
67,254,31.953240722889763,37.84552001953125
67,144,11.335960500806074,22.30280876159668
67,113,12.651739086555908,23.359760284423828
67,97,8.560977310051998,19.40935516357422
67,86,21.964258069523428,29.884920120239258
67,82,17.627684574347207,26.78204917907715
67,73,22.973372501624148,30.970226287841797
67,235,27.151446704141186,34.734901428222656
67,213,25.643938901202443,33.337364196777344
67,218,21.182053559157918,29.374534606933594
67,31,28.909942560728155,35.855106353759766
67,10,19.964208508866147,28.41707420349121
67,116,23.681881002318352,32.17377471923828
67,118,10.734396003688909,20.698387145996094
67,25,7.6956282722536695,18.403615951538086
67,47,26.56819943653899,34.231224060058594
67,211,11.625117170028615,22.568572998046875
67,257,4.84050193772442,13.554826736450195
67,198,13.527209894087045,23.565549850463867
67,208,27.750441061235183,34.813140869140625
67,160,15.750241343676723,25.263322830200195
67,114,12.152767237386891,22.976810455322266
67,7,17.64899888889033,26.99437141418457
67,220,30.45400320102648,37.04428482055664
67,175,25.82267190294024,33.09368133544922
67,139,23.676743939112306,31.343107223510742
67,219,21.61120165237325,29.701759338378906
67,20,28.569884044383567,35.6522331237793
67,124,14.916344260266165,24.388072967529297
20,179,10.222051600984043,17.259172439575195
20,117,30.393660488733442,31.775474548339844
20,137,15.109312398343947,19.999839782714844
20,214,34.498133367363764,34.52671813964844
20,46,8.812367764674159,14.951184272766113
20,254,3.5324721567411337,9.614896774291992
20,144,17.8590143868409,22.10894012451172
20,113,16.64509252782742,21.12873077392578
20,97,20.009228724357392,23.90447425842285
20,86,30.427365259960865,31.685810089111328
20,82,13.156178438415376,18.510622024536133
20,73,13.285325158123152,17.853836059570312
20,235,2.6049732390573626,8.923319816589355
20,213,5.012460257828964,13.94556999206543
20,218,22.715074439136014,25.127328872680664
20,31,0.8761778120884764,3.918281078338623
20,10,21.413410724902963,24.11591148376465
20,116,6.292386908658669,15.394091606140137
20,118,36.64754969801068,35.731956481933594
20,25,20.906359548105325,24.6553955078125
20,47,2.0665161722204752,7.287875175476074
20,211,17.78721881531957,22.03987693786621
20,257,23.969921609412065,27.165203094482422
20,198,16.849733399414916,21.15878677368164
20,208,6.502048559691264,14.711810111999512
20,160,15.492887810558523,20.025941848754883
20,114,17.18118521103563,21.55255126953125
20,7,11.067086989300531,17.625324249267578
20,220,3.441963681705296,10.363978385925293
20,175,16.913530426932674,19.433229446411133
20,139,23.357760285029894,25.386384963989258
20,219,24.01672046834758,26.254568099975586
20,67,28.569884044383567,30.671567916870117
20,124,22.426022307688896,25.483470916748047
124,179,14.423640524137472,21.003952026367188
124,117,8.526275284988415,16.37303924560547
124,137,14.386337527708806,21.695560455322266
124,214,21.84943933791532,28.396297454833984
124,46,21.84858157791422,24.693737030029297
124,254,24.893185074428715,28.351787567138672
124,144,14.610549008971592,22.15737533569336
124,113,15.08501170253939,22.396831512451172
124,97,11.566980166241407,20.125244140625
124,86,9.796734511723105,17.31100845336914
124,82,9.423898049662322,17.78023910522461
124,73,11.1098845386466,18.127296447753906
124,235,22.392795065714257,26.867944717407227
124,213,17.75969399643901,22.238544464111328
124,218,6.269722037439472,14.017572402954102
124,31,22.303940613609527,26.242647171020508
124,10,5.107107347753376,12.635467529296875
124,116,20.68335495549457,25.844804763793945
124,118,25.64103364431875,31.427669525146484
124,25,12.319450066940744,20.71253204345703
124,47,21.016036961419587,25.448383331298828
124,211,15.112586682234753,22.533098220825195
124,257,11.265134222045504,19.997034072875977
124,198,7.1966839505843225,16.25422477722168
124,208,18.419633153555278,22.315351486206055
124,160,7.303768597322073,16.159908294677734
124,114,15.054929165999457,22.429149627685547
124,7,13.091076458352353,20.16688346862793
124,220,25.50367575747832,29.523880004882812
124,175,12.08850710964823,18.34030532836914
124,139,8.767047659743627,16.39220428466797
124,219,6.814208735191601,14.592101097106934
124,67,14.916344260266165,22.791160583496094
124,20,22.426022307688896,26.490156173706055
